review,sentiment
Very user-friendly interface.,positive
Hservicey with the features provided.,positive
Really servicereciate the improvements.,positive
Transaction failed multiple times.,negative
Highly recommend this service for payments.,positive
The service is easy to use and intuitive.,positive
My go-to application for all financial tasks.,positive
No clear instructions.,negative
Top-notch fintech product!,positive
"Excellent service, no complaints at all.",positive
Superb help team.,positive
Customer help was unhelpful.,negative
Security concerns are real.,negative
The new update is fantastic!,positive
Support is non-existent.,negative
Very poor user interface.,negative
Too many bugs in the platform.,negative
"Quick resolution of my issue, thanks!",positive
App freezes on login.,negative
Support is non-existent.,negative
Takes forever to load.,negative
"Excellent service, no complaints at all.",positive
Hard to navigate and confusing.,negative
Hard to navigate and confusing.,negative
Security concerns are real.,negative
Unresolved issues for weeks.,negative
Customer help was very helpful.,positive
"Quick resolution of my issue, thanks!",positive
Slow and unreliable.,negative
Superb assistance team.,positive
Security concerns are real.,negative
This application has made my life easier.,positive
App crashes too often.,negative
The UI is clean and modern.,positive
The platform is easy to use and intuitive.,positive
Top-notch fintech product!,positive
"Great service, very satisfied!",positive
I enjoy using this service every day.,positive
Frustrating to use.,negative
Customer help was very helpful.,positive
Customer help was unhelpful.,negative
5 stars for user service.,positive
Efficient and secure.,positive
App crashes too often.,negative
Terrible response time.,negative
Takes forever to load.,negative
Too many bugs in the application.,negative
Awful user experience.,negative
I wouldn’t recommend this to anyone.,negative
The update made things worse.,negative
Loved the smooth user experience.,positive
No clear instructions.,negative
The update made things worse.,negative
"Terrible experience, very disapplicationointed.",negative
Frustrating to use.,negative
Transaction failed multiple times.,negative
Unresolved issues for weeks.,negative
Really servicereciate the improvements.,positive
Happlicationy with the features provided.,positive
Highly recommend this service for payments.,positive
I wouldn’t recommend this to anyone.,negative
Top-notch fintech product!,positive
Slow and unreliable.,negative
I enjoy using this service every day.,positive
"Great service, very satisfied!",positive
"Quick resolution of my issue, thanks!",positive
Terrible response time.,negative
This platform has made my life easier.,positive
Fast and reliable transactions every time.,positive
Fast and reliable transactions every time.,positive
Efficient and secure.,positive
5 stars for user service.,positive
App freezes on login.,negative
Loved the smooth user experience.,positive
Hplatformy with the features provided.,positive
I lost money using this platform.,negative
Highly recommend this platform for payments.,positive
Very user-friendly interface.,positive
I wouldn’t recommend this to anyone.,negative
Customer help was very helpful.,positive
Terrible response time.,negative
Very user-friendly interface.,positive
Unresolved issues for weeks.,negative
Really servicereciate the improvements.,positive
Very poor user interface.,negative
My go-to platform for all financial tasks.,positive
Slow and unreliable.,negative
The update made things worse.,negative
The UI is clean and modern.,positive
"Quick resolution of my issue, thanks!",positive
Very user-friendly interface.,positive
Efficient and secure.,positive
"Terrible experience, very disapplicationointed.",negative
Hard to navigate and confusing.,negative
I wouldn’t recommend this to anyone.,negative
My go-to service for all financial tasks.,positive
Superb assistance team.,positive
Loved the smooth user experience.,positive
This platform has made my life easier.,positive
Frustrating to use.,negative
The new update is fantastic!,positive
My go-to application for all financial tasks.,positive
Fast and reliable transactions every time.,positive
I lost money using this application.,negative
Awful client experience.,negative
"Great service, very satisfied!",positive
The update made things worse.,negative
5 stars for user service.,positive
Support is non-existent.,negative
Loved the smooth user experience.,positive
Very poor user interface.,negative
App crashes too often.,negative
Takes forever to load.,negative
Unresolved issues for weeks.,negative
Customer help was very helpful.,positive
Highly recommend this service for payments.,positive
Efficient and secure.,positive
Too many bugs in the application.,negative
"Excellent service, no complaints at all.",positive
I lost money using this service.,negative
No clear instructions.,negative
App freezes on login.,negative
App crashes too often.,negative
Happlicationy with the features provided.,positive
I enjoy using this platform every day.,positive
Too many bugs in the service.,negative
Customer help was unhelpful.,negative
I enjoy using this application every day.,positive
Transaction failed multiple times.,negative
Very poor user interface.,negative
The new update is fantastic!,positive
Takes forever to load.,negative
Slow and unreliable.,negative
"Terrible experience, very disserviceointed.",negative
The platform is easy to use and intuitive.,positive
Customer help was unhelpful.,negative
Transaction failed multiple times.,negative
I lost money using this service.,negative
Superb help team.,positive
The UI is clean and modern.,positive
"Excellent service, no complaints at all.",positive
The new update is fantastic!,positive
Awful user experience.,negative
The service is easy to use and intuitive.,positive
Frustrating to use.,negative
Hard to navigate and confusing.,negative
Support is non-existent.,negative
"Great service, very satisfied!",positive
Fast and reliable transactions every time.,positive
"Terrible experience, very disserviceointed.",negative
